hostname,disposition,sy_snum
BD+20 594,CONFIRMED,1
EPIC 201111557,CANDIDATE,1
EPIC 201126503,CANDIDATE,1
EPIC 201127519,CANDIDATE,1
EPIC 201147085,CANDIDATE,1
EPIC 201152065,CANDIDATE,1
EPIC 201160662,CANDIDATE,1
EPIC 201164625,CANDIDATE,1
K2-243,CANDIDATE,1
EPIC 201170410,CONFIRMED,1
EPIC 201176672,CANDIDATE,1
EPIC 201180665,CANDIDATE,1
EPIC 201182911,CANDIDATE,1
EPIC 201197348,CANDIDATE,1
EPIC 201231940,CANDIDATE,1
EPIC 201238110,CONFIRMED,1
EPIC 201238163,CANDIDATE,1
EPIC 201239401,CANDIDATE,1
EPIC 201247497,CANDIDATE,1
EPIC 201257461,FALSE POSITIVE,1
EPIC 201258341,CANDIDATE,1
EPIC 201259803,CANDIDATE,1
EPIC 201264302,CANDIDATE,1
EPIC 201270176,CANDIDATE,1
HIP 55390,CANDIDATE,1
EPIC 201274010,CANDIDATE,1
EPIC 201291843,CANDIDATE,1
EPIC 201299088,CANDIDATE,1
EPIC 201324549,FALSE POSITIVE,1
EPIC 201352100,CANDIDATE,1
EPIC 201357835,CANDIDATE,1
EPIC 201359834,CANDIDATE,1
EPIC 201366540,CANDIDATE,1
EPIC 201390927,CANDIDATE,1
EPIC 201392505,CANDIDATE,1
EPIC 201407812,CANDIDATE,1
EPIC 201427007,CONFIRMED,1
EPIC 201441872,CANDIDATE,1
EPIC 201445732,CANDIDATE,1
EPIC 201456770,CANDIDATE,1
HIP 54766,CANDIDATE,1
EPIC 201497682,CONFIRMED,1
EPIC 201512465,CANDIDATE,1
EPIC 201515470,CANDIDATE,1
EPIC 201516974,CANDIDATE,1
EPIC 201521212,CANDIDATE,1
EPIC 201528215,CANDIDATE,1
EPIC 201534540,CANDIDATE,1
EPIC 201541160,CANDIDATE,1
EPIC 201543531,CANDIDATE,1
EPIC 201546136,CANDIDATE,1
EPIC 201555883,FALSE POSITIVE,1
EPIC 201556134,CANDIDATE,1
EPIC 201561956,CANDIDATE,1
EPIC 201563164,CANDIDATE,1
EPIC 201565013,CANDIDATE,1
EPIC 201569483,FALSE POSITIVE,1
EPIC 201577017,CANDIDATE,1
EPIC 201577112,CANDIDATE,1
EPIC 201588420,CANDIDATE,1
EPIC 201595106,CONFIRMED,1
EPIC 201596733,CANDIDATE,1
EPIC 201606542,CANDIDATE,1
K2-166,CONFIRMED,1
EPIC 201617985,CANDIDATE,1
EPIC 201619647,CANDIDATE,1
EPIC 201626686,CANDIDATE,1
EPIC 201631267,CANDIDATE,1
EPIC 201635132,CANDIDATE,1
EPIC 201639576,CANDIDATE,1
EPIC 201649426,FALSE POSITIVE,1
EPIC 201650711,CANDIDATE,1
EPIC 201654498,CANDIDATE,1
K2-319,CANDIDATE,1
EPIC 201666578,CANDIDATE,1
EPIC 201683540,CANDIDATE,1
EPIC 201702477,CANDIDATE,1
EPIC 201705526,CANDIDATE,1
EPIC 201717159,CANDIDATE,1
EPIC 201717274,CANDIDATE,1
EPIC 201720401,CANDIDATE,1
EPIC 201729655,CANDIDATE,1
EPIC 201732557,CANDIDATE,1
K2-16,CONFIRMED,1
EPIC 201757695,CONFIRMED,1
EPIC 201775904,CANDIDATE,1
EPIC 201779067,FALSE POSITIVE,1
EPIC 201785059,CANDIDATE,1
EPIC 201793642,CANDIDATE,1
EPIC 201828749,CANDIDATE,1
K2-50,CONFIRMED,1
EPIC 201837434,CANDIDATE,1
EPIC 201841433,CONFIRMED,1
EPIC 201846824,CANDIDATE,1
EPIC 201856786,CANDIDATE,1
EPIC 201892470,CANDIDATE,1
EPIC 201896171,CANDIDATE,1
EPIC 201920032,CANDIDATE,1
EPIC 201923289,CANDIDATE,1
EPIC 201925324,CANDIDATE,1
EPIC 201927336,CANDIDATE,1
EPIC 201928106,FALSE POSITIVE,1
EPIC 201929294,FALSE POSITIVE,1
EPIC 202059377,FALSE POSITIVE,1
EPIC 202060800,CANDIDATE,1
EPIC 202062450,CANDIDATE,1
EPIC 202064253,CANDIDATE,1
EPIC 202065819,CANDIDATE,1
EPIC 202066192,CANDIDATE,1
EPIC 202066537,CANDIDATE,1
EPIC 202066811,CANDIDATE,1
EPIC 202071289,CANDIDATE,1
EPIC 202071401,CANDIDATE,1
EPIC 202071635,CANDIDATE,1
EPIC 202071645,FALSE POSITIVE,1
EPIC 202071725,CANDIDATE,1
EPIC 202072596,CANDIDATE,1
EPIC 202072965,CANDIDATE,1
EPIC 202084970,CANDIDATE,1
EPIC 202085553,CANDIDATE,1
EPIC 202085597,CANDIDATE,1
EPIC 202085698,CANDIDATE,1
EPIC 202085934,CANDIDATE,1
EPIC 202086291,CANDIDATE,1
EPIC 202086968,CANDIDATE,1
EPIC 202088212,CANDIDATE,1
EPIC 202089657,CANDIDATE,1
EPIC 202090152,CANDIDATE,1
EPIC 202090723,CANDIDATE,1
EPIC 202090737,CANDIDATE,1
EPIC 202091388,CANDIDATE,1
EPIC 202092480,CANDIDATE,1
EPIC 202092559,CANDIDATE,1
EPIC 202092782,CANDIDATE,1
EPIC 202093020,CANDIDATE,1
EPIC 202093968,CANDIDATE,1
EPIC 202094740,CANDIDATE,1
EPIC 202126847,CANDIDATE,1
EPIC 202126853,CANDIDATE,1
EPIC 202126884,CANDIDATE,1
EPIC 202126887,FALSE POSITIVE,1
EPIC 202126888,FALSE POSITIVE,1
EPIC 202137637,CANDIDATE,1
EPIC 202139294,CANDIDATE,1
EPIC 202565282,CANDIDATE,1
EPIC 202600948,CANDIDATE,1
EPIC 202634963,CANDIDATE,1
EPIC 202675839,CANDIDATE,1
EPIC 202688980,CANDIDATE,1
EPIC 202710713,CANDIDATE,1
EPIC 202774883,CANDIDATE,1
EPIC 202821899,CANDIDATE,1
EPIC 202843107,CANDIDATE,1
EPIC 202893157,CANDIDATE,1
EPIC 202963882,FALSE POSITIVE,1
EPIC 202971774,CANDIDATE,1
EPIC 203042994,CANDIDATE,1
EPIC 203070421,CANDIDATE,1
EPIC 203099398,CANDIDATE,1
EPIC 203139512,CANDIDATE,1
EPIC 203294831,CANDIDATE,1
EPIC 203311200,CANDIDATE,1
EPIC 203476597,FALSE POSITIVE,1
EPIC 203485624,FALSE POSITIVE,1
EPIC 203518244,CANDIDATE,1
EPIC 203533312,CANDIDATE,1
EPIC 203560204,CANDIDATE,1
EPIC 203581469,FALSE POSITIVE,1
EPIC 203616858,CANDIDATE,1
EPIC 203623230,CANDIDATE,1
EPIC 203633064,CANDIDATE,1
EPIC 203692610,FALSE POSITIVE,1
EPIC 203710387,FALSE POSITIVE,1
EPIC 203753577,CANDIDATE,1
K2-24,CANDIDATE,1
EPIC 203784668,CANDIDATE,1
EPIC 203823381,FALSE POSITIVE,1
EPIC 203849738,FALSE POSITIVE,1
EPIC 203867512,CANDIDATE,1
EPIC 203868608,FALSE POSITIVE,1
EPIC 203914123,CANDIDATE,1
EPIC 203925865,CANDIDATE,1
EPIC 203929178,CANDIDATE,1
EPIC 203942067,CANDIDATE,1
EPIC 204043888,FALSE POSITIVE,1
EPIC 204057095,CANDIDATE,1
EPIC 204124270,CANDIDATE,1
EPIC 204128016,CANDIDATE,1
EPIC 204143627,FALSE POSITIVE,1
HIP 80474,FALSE POSITIVE,1
EPIC 204197636,CANDIDATE,1
EPIC 204276894,CANDIDATE,1
EPIC 204308061,CANDIDATE,1
EPIC 204312847,CANDIDATE,1
EPIC 204322265,CANDIDATE,1
EPIC 204346718,CANDIDATE,1
EPIC 204364515,FALSE POSITIVE,1
EPIC 204432860,FALSE POSITIVE,1
EPIC 204489514,CANDIDATE,1
HIP 78977,FALSE POSITIVE,1
EPIC 204529573,CANDIDATE,1
EPIC 204546592,CANDIDATE,1
EPIC 204576757,CANDIDATE,1
EPIC 204579445,CANDIDATE,1
EPIC 204634789,CANDIDATE,1
EPIC 204649811,CANDIDATE,1
EPIC 204658292,CANDIDATE,1
EPIC 204676499,CANDIDATE,1
K2-365,CANDIDATE,1
HIP 78168,FALSE POSITIVE,1
EPIC 204763194,CANDIDATE,1
EPIC 204791347,CANDIDATE,1
EPIC 204873331,FALSE POSITIVE,1
EPIC 204880394,CANDIDATE,1
EPIC 204882444,FALSE POSITIVE,1
EPIC 204884005,CANDIDATE,1
EPIC 204888276,CANDIDATE,1
EPIC 204914585,CANDIDATE,1
EPIC 204990932,CANDIDATE,1
EPIC 204991696,CANDIDATE,1
EPIC 205029914,CANDIDATE,1
EPIC 205040048,CANDIDATE,1
EPIC 205046529,FALSE POSITIVE,1
EPIC 205047565,CANDIDATE,1
EPIC 205050711,CANDIDATE,1
EPIC 205064326,FALSE POSITIVE,1
EPIC 205084841,CANDIDATE,1
EPIC 205145448,CANDIDATE,1
EPIC 205146011,CANDIDATE,1
EPIC 205148699,FALSE POSITIVE,1
EPIC 205152172,CANDIDATE,1
EPIC 205170731,CANDIDATE,1
EPIC 205205452,CANDIDATE,1
EPIC 205224877,CANDIDATE,1
EPIC 205242733,CANDIDATE,1
EPIC 205252523,CANDIDATE,1
EPIC 205377483,CANDIDATE,1
EPIC 205463986,CANDIDATE,1
EPIC 205470347,CANDIDATE,1
EPIC 205483055,CANDIDATE,1
EPIC 205483258,FALSE POSITIVE,1
EPIC 205489894,CANDIDATE,1
EPIC 205503762,CANDIDATE,1
EPIC 205530323,CANDIDATE,1
EPIC 205570849,CANDIDATE,1
EPIC 205618538,CANDIDATE,1
EPIC 205632508,CANDIDATE,1
EPIC 205652650,CANDIDATE,1
EPIC 205703094,CANDIDATE,1
EPIC 205938820,CANDIDATE,1
EPIC 205939498,CANDIDATE,1
EPIC 205943325,CANDIDATE,1
EPIC 205944181,CANDIDATE,1
EPIC 205947161,CANDIDATE,1
EPIC 205947214,CANDIDATE,1
K2-168,CONFIRMED,1
EPIC 205951125,CANDIDATE,1
EPIC 205957328,CANDIDATE,1
EPIC 205962305,CANDIDATE,1
EPIC 205969319,CANDIDATE,1
EPIC 205976958,CANDIDATE,1
EPIC 205979483,FALSE POSITIVE,1
EPIC 205981465,CANDIDATE,1
EPIC 205990339,FALSE POSITIVE,1
EPIC 205996447,CANDIDATE,1
EPIC 205998649,CANDIDATE,1
EPIC 205999468,CANDIDATE,1
EPIC 206011849,CANDIDATE,1
EPIC 206024342,CONFIRMED,1
EPIC 206028176,CANDIDATE,1
EPIC 206029242,CANDIDATE,1
EPIC 206029450,CANDIDATE,1
EPIC 206031623,CANDIDATE,1
EPIC 206032309,CONFIRMED,1
EPIC 206036749,CANDIDATE,1
EPIC 206042996,CONFIRMED,1
EPIC 206047055,CANDIDATE,1
EPIC 206049452,CANDIDATE,1
EPIC 206056433,CANDIDATE,1
EPIC 206061524,CANDIDATE,1
EPIC 206065006,FALSE POSITIVE,1
EPIC 206114294,CANDIDATE,1
EPIC 206114630,CANDIDATE,1
EPIC 206133795,CANDIDATE,1
EPIC 206135075,CANDIDATE,1
EPIC 206135170,CANDIDATE,1
HIP 109695 A,CANDIDATE,1
K2-368,CANDIDATE,1
EPIC 206151047,CANDIDATE,1
EPIC 206152015,CANDIDATE,1
EPIC 206155922,CANDIDATE,1
K2-68,CANDIDATE,1
EPIC 206169157,CANDIDATE,1
EPIC 206169375,CANDIDATE,1
EPIC 206175552,CANDIDATE,1
EPIC 206192335,CANDIDATE,1
EPIC 206208956,CANDIDATE,1
EPIC 206215704,CONFIRMED,1
EPIC 206226146,CANDIDATE,1
EPIC 206260577,CANDIDATE,1
EPIC 206262341,CANDIDATE,1
EPIC 206267115,FALSE POSITIVE,1
EPIC 206268084,CANDIDATE,1
EPIC 206298289,CANDIDATE,1
EPIC 206311743,CANDIDATE,1
EPIC 206312951,CANDIDATE,1
EPIC 206315178,CANDIDATE,1
EPIC 206317286,CONFIRMED,1
EPIC 206329937,CANDIDATE,1
EPIC 206344313,CANDIDATE,1
EPIC 206358352,CANDIDATE,1
EPIC 206360885,CANDIDATE,1
EPIC 206369173,CANDIDATE,1
EPIC 206403979,CANDIDATE,1
EPIC 206414361,CANDIDATE,1
EPIC 206417197,CANDIDATE,1
EPIC 206439513,CANDIDATE,1
EPIC 206461841,CANDIDATE,1
EPIC 206468053,CANDIDATE,1
EPIC 206476150,CANDIDATE,1
EPIC 206500801,CANDIDATE,1
EPIC 206532093,CANDIDATE,1
EPIC 206535016,CANDIDATE,1
EPIC 206543223,CANDIDATE,1
EPIC 207389002,CANDIDATE,1
EPIC 207517400,FALSE POSITIVE,1
EPIC 207739861,CANDIDATE,1
EPIC 208445756,CANDIDATE,1
EPIC 208833261,CANDIDATE,1
EPIC 209036259,CANDIDATE,1
EPIC 209286622,CANDIDATE,1
EPIC 210365511,CANDIDATE,1
EPIC 210371175,CANDIDATE,1
EPIC 210384192,CANDIDATE,1
EPIC 210389383,CANDIDATE,1
EPIC 210394706,CANDIDATE,1
EPIC 210401157,FALSE POSITIVE,1
EPIC 210414957,FALSE POSITIVE,1
EPIC 210418253,CANDIDATE,1
EPIC 210423938,CANDIDATE,1
EPIC 210463428,CANDIDATE,1
EPIC 210472483,CANDIDATE,1
EPIC 210495066,CANDIDATE,1
K2-83,CANDIDATE,1
EPIC 210513446,FALSE POSITIVE,1
EPIC 210524811,CANDIDATE,1
EPIC 210550063,CANDIDATE,1
EPIC 210559259,CANDIDATE,1
EPIC 210564155,CANDIDATE,1
EPIC 210576234,CANDIDATE,1
EPIC 210598340,CANDIDATE,1
EPIC 210605073,CANDIDATE,1
EPIC 210609658,CANDIDATE,1
EPIC 210625740,CANDIDATE,1
EPIC 210626797,CANDIDATE,1
EPIC 210629082,CANDIDATE,1
EPIC 210659688,CANDIDATE,1
EPIC 210659945,CANDIDATE,1
EPIC 210664763,CANDIDATE,1
EPIC 210666756,CANDIDATE,1
EPIC 210678858,CANDIDATE,1
EPIC 210696763,CANDIDATE,1
EPIC 210706310,CANDIDATE,1
EPIC 210708830,CANDIDATE,1
EPIC 210736056,CANDIDATE,1
EPIC 210744674,FALSE POSITIVE,1
EPIC 210754505,FALSE POSITIVE,1
EPIC 210769880,CANDIDATE,1
EPIC 210775710,CANDIDATE,1
EPIC 210777017,CANDIDATE,1
EPIC 210789323,FALSE POSITIVE,1
EPIC 210801536,CANDIDATE,1
EPIC 210813978,CANDIDATE,1
EPIC 210827030,FALSE POSITIVE,1
EPIC 210843708,CANDIDATE,1
EPIC 210852232,CANDIDATE,1
EPIC 210877025,CANDIDATE,1
EPIC 210903662,CANDIDATE,1
EPIC 210925707,CANDIDATE,1
EPIC 210933299,CANDIDATE,1
EPIC 210935498,CANDIDATE,1
EPIC 210945680,CANDIDATE,1
EPIC 210954046,FALSE POSITIVE,1
EPIC 210956385,CANDIDATE,1
EPIC 210958990,CANDIDATE,1
EPIC 210961508,CANDIDATE,1
K2-178,CANDIDATE,1
EPIC 210967369,CANDIDATE,1
EPIC 211002562,CANDIDATE,1
EPIC 211009047,CANDIDATE,1
EPIC 211058748,CANDIDATE,1
EPIC 211064647,CANDIDATE,1
HIP 17704,FALSE POSITIVE,1
EPIC 211087003,CANDIDATE,1
EPIC 211093684,FALSE POSITIVE,1
EPIC 211106187,CANDIDATE,1
EPIC 211107835,CANDIDATE,1
EPIC 211133138,CANDIDATE,1
EPIC 211147528,CANDIDATE,1
EPIC 211158357,CANDIDATE,1
EPIC 211169300,CANDIDATE,1
EPIC 211201576,CANDIDATE,1
EPIC 211305568,CANDIDATE,1
EPIC 211308899,CANDIDATE,1
EPIC 211309648,CANDIDATE,1
EPIC 211315836,CANDIDATE,1
EPIC 211319779,CANDIDATE,1
EPIC 211321953,CANDIDATE,1
EPIC 211327855,CANDIDATE,1
EPIC 211328748,CANDIDATE,1
EPIC 211333233,CANDIDATE,1
EPIC 211335816,CANDIDATE,1
EPIC 211336288,CANDIDATE,1
EPIC 211336616,CANDIDATE,1
EPIC 211342524,CANDIDATE,1
EPIC 211357309,CANDIDATE,1
EPIC 211365543,CANDIDATE,1
EPIC 211372788,CANDIDATE,1
EPIC 211375488,CANDIDATE,1
EPIC 211383821,CANDIDATE,1
EPIC 211390903,CANDIDATE,1
EPIC 211393988,CANDIDATE,1
EPIC 211396431,CANDIDATE,1
EPIC 211397774,FALSE POSITIVE,1
EPIC 211397844,CANDIDATE,1
EPIC 211402878,FALSE POSITIVE,1
EPIC 211407755,CANDIDATE,1
EPIC 211408138,FALSE POSITIVE,1
EPIC 211408558,CANDIDATE,1
EPIC 211409299,FALSE POSITIVE,1
EPIC 211411891,FALSE POSITIVE,1
EPIC 211413463,CANDIDATE,1
EPIC 211418290,CANDIDATE,1
EPIC 211419451,CANDIDATE,1
EPIC 211422822,FALSE POSITIVE,1
EPIC 211424769,CANDIDATE,1
EPIC 211425822,FALSE POSITIVE,1
EPIC 211428897,CANDIDATE,1
EPIC 211429934,FALSE POSITIVE,1
EPIC 211430148,FALSE POSITIVE,1
EPIC 211431013,FALSE POSITIVE,1
EPIC 211432103,CANDIDATE,1
EPIC 211432167,FALSE POSITIVE,1
EPIC 211432176,FALSE POSITIVE,1
EPIC 211432922,CANDIDATE,1
EPIC 211432946,FALSE POSITIVE,1
EPIC 211436313,CANDIDATE,1
EPIC 211436876,CANDIDATE,1
EPIC 211438731,CANDIDATE,1
EPIC 211439059,CANDIDATE,1
EPIC 211442571,CANDIDATE,1
EPIC 211449931,FALSE POSITIVE,1
EPIC 211451776,CANDIDATE,1
EPIC 211452175,FALSE POSITIVE,1
EPIC 211453076,FALSE POSITIVE,1
EPIC 211453223,FALSE POSITIVE,1
EPIC 211468153,FALSE POSITIVE,1
EPIC 211469889,CANDIDATE,1
EPIC 211471048,FALSE POSITIVE,1
EPIC 211477347,FALSE POSITIVE,1
EPIC 211480861,CANDIDATE,1
EPIC 211490299,FALSE POSITIVE,1
EPIC 211492384,CANDIDATE,1
EPIC 211492449,CANDIDATE,1
EPIC 211492541,FALSE POSITIVE,1
EPIC 211493669,FALSE POSITIVE,1
EPIC 211503824,CANDIDATE,1
EPIC 211505089,CANDIDATE,1
EPIC 211506851,CANDIDATE,1
EPIC 211509553,CANDIDATE,1
EPIC 211509665,FALSE POSITIVE,1
EPIC 211510580,CANDIDATE,1
EPIC 211516501,CANDIDATE,1
EPIC 211524114,FALSE POSITIVE,1
EPIC 211524558,FALSE POSITIVE,1
EPIC 211526186,FALSE POSITIVE,1
EPIC 211533633,CANDIDATE,1
EPIC 211534342,FALSE POSITIVE,1
EPIC 211535327,CANDIDATE,1
EPIC 211535481,FALSE POSITIVE,1
K2-356,CANDIDATE,1
EPIC 211538193,FALSE POSITIVE,1
EPIC 211540348,FALSE POSITIVE,1
EPIC 211541590,CANDIDATE,1
EPIC 211543616,CANDIDATE,1
EPIC 211544257,CANDIDATE,1
EPIC 211546613,CANDIDATE,1
EPIC 211551160,CANDIDATE,1
EPIC 211552050,CANDIDATE,1
EPIC 211563123,FALSE POSITIVE,1
EPIC 211569704,CANDIDATE,1
EPIC 211572480,FALSE POSITIVE,1
EPIC 211572511,CANDIDATE,1
EPIC 211578235,CANDIDATE,1
EPIC 211579683,CANDIDATE,1
EPIC 211586387,CANDIDATE,1
EPIC 211589784,FALSE POSITIVE,1
EPIC 211590050,CANDIDATE,1
EPIC 211600389,FALSE POSITIVE,1
EPIC 211600632,FALSE POSITIVE,1
EPIC 211604981,FALSE POSITIVE,1
EPIC 211606790,CANDIDATE,1
EPIC 211607670,FALSE POSITIVE,1
EPIC 211607804,FALSE POSITIVE,1
EPIC 211611139,CANDIDATE,1
EPIC 211613886,FALSE POSITIVE,1
EPIC 211616939,CANDIDATE,1
EPIC 211619120,FALSE POSITIVE,1
EPIC 211619805,CANDIDATE,1
EPIC 211619879,CANDIDATE,1
EPIC 211620138,CANDIDATE,1
EPIC 211621644,FALSE POSITIVE,1
EPIC 211621961,FALSE POSITIVE,1
EPIC 211625003,FALSE POSITIVE,1
EPIC 211626490,FALSE POSITIVE,1
EPIC 211630537,FALSE POSITIVE,1
EPIC 211631538,CANDIDATE,1
EPIC 211631904,FALSE POSITIVE,1
EPIC 211638401,CANDIDATE,1
EPIC 211638883,FALSE POSITIVE,1
EPIC 211639283,FALSE POSITIVE,1
EPIC 211642307,CANDIDATE,1
EPIC 211642882,CANDIDATE,1
EPIC 211644647,FALSE POSITIVE,1
EPIC 211644764,CANDIDATE,1
EPIC 211645912,CANDIDATE,1
EPIC 211649214,CANDIDATE,1
EPIC 211651743,FALSE POSITIVE,1
EPIC 211662047,FALSE POSITIVE,1
EPIC 211663508,FALSE POSITIVE,1
EPIC 211663688,CANDIDATE,1
EPIC 211664543,FALSE POSITIVE,1
EPIC 211673349,CANDIDATE,1
EPIC 211679060,CANDIDATE,1
EPIC 211682423,CANDIDATE,1
EPIC 211685045,CANDIDATE,1
EPIC 211694226,CANDIDATE,1
EPIC 211705502,FALSE POSITIVE,1
EPIC 211705654,FALSE POSITIVE,1
EPIC 211710534,FALSE POSITIVE,1
EPIC 211711685,CANDIDATE,1
EPIC 211718105,FALSE POSITIVE,1
EPIC 211718187,CANDIDATE,1
EPIC 211719484,CANDIDATE,1
EPIC 211721325,FALSE POSITIVE,1
EPIC 211724246,CANDIDATE,1
EPIC 211728689,CANDIDATE,1
EPIC 211731298,CANDIDATE,1
EPIC 211732801,FALSE POSITIVE,1
EPIC 211733267,CANDIDATE,1
EPIC 211736305,CANDIDATE,1
EPIC 211737652,FALSE POSITIVE,1
EPIC 211738534,FALSE POSITIVE,1
EPIC 211741619,CANDIDATE,1
EPIC 211744153,FALSE POSITIVE,1
EPIC 211750072,FALSE POSITIVE,1
EPIC 211754117,CANDIDATE,1
EPIC 211754962,CANDIDATE,1
EPIC 211759163,FALSE POSITIVE,1
EPIC 211762841,CANDIDATE,1
EPIC 211764271,FALSE POSITIVE,1
EPIC 211764373,FALSE POSITIVE,1
EPIC 211765695,CANDIDATE,1
EPIC 211768007,FALSE POSITIVE,1
EPIC 211770390,FALSE POSITIVE,1
EPIC 211770867,CANDIDATE,1
EPIC 211783206,CANDIDATE,1
EPIC 211784767,CANDIDATE,1
EPIC 211788221,CANDIDATE,1
EPIC 211796070,CANDIDATE,1
EPIC 211797637,CANDIDATE,1
EPIC 211799258,CANDIDATE,1
EPIC 211800191,CANDIDATE,1
EPIC 211804579,FALSE POSITIVE,1
EPIC 211807456,FALSE POSITIVE,1
EPIC 211808055,CANDIDATE,1
EPIC 211809568,FALSE POSITIVE,1
EPIC 211812160,FALSE POSITIVE,1
EPIC 211812935,CANDIDATE,1
EPIC 211814313,CANDIDATE,1
EPIC 211814733,FALSE POSITIVE,1
EPIC 211817229,CANDIDATE,1
EPIC 211822797,CONFIRMED,1
EPIC 211822953,FALSE POSITIVE,1
EPIC 211825866,CANDIDATE,1
EPIC 211826814,CANDIDATE,1
EPIC 211828142,FALSE POSITIVE,1
EPIC 211829982,FALSE POSITIVE,1
EPIC 211830293,CANDIDATE,1
EPIC 211831378,FALSE POSITIVE,1
EPIC 211834065,CANDIDATE,1
EPIC 211837343,CANDIDATE,1
EPIC 211838158,FALSE POSITIVE,1
EPIC 211839430,FALSE POSITIVE,1
EPIC 211839462,FALSE POSITIVE,1
EPIC 211841496,FALSE POSITIVE,1
EPIC 211843564,CANDIDATE,1
EPIC 211852187,FALSE POSITIVE,1
EPIC 211858408,FALSE POSITIVE,1
EPIC 211858489,FALSE POSITIVE,1
EPIC 211859295,CANDIDATE,1
EPIC 211863149,CANDIDATE,1
EPIC 211876245,CANDIDATE,1
EPIC 211885185,FALSE POSITIVE,1
EPIC 211886472,CANDIDATE,1
EPIC 211892082,CANDIDATE,1
EPIC 211892395,CANDIDATE,1
EPIC 211897272,CANDIDATE,1
K2-339,CANDIDATE,1
EPIC 211901114,CANDIDATE,1
EPIC 211904310,CANDIDATE,1
EPIC 211906259,CANDIDATE,1
EPIC 211906940,FALSE POSITIVE,1
EPIC 211910237,FALSE POSITIVE,1
EPIC 211913395,CANDIDATE,1
EPIC 211914445,CANDIDATE,1
EPIC 211914718,FALSE POSITIVE,1
EPIC 211914889,CANDIDATE,1
EPIC 211914960,CANDIDATE,1
K2-358,CANDIDATE,1
EPIC 211915147,FALSE POSITIVE,1
EPIC 211919555,FALSE POSITIVE,1
EPIC 211919842,FALSE POSITIVE,1
EPIC 211920462,FALSE POSITIVE,1
EPIC 211920528,FALSE POSITIVE,1
EPIC 211920604,FALSE POSITIVE,1
EPIC 211920811,FALSE POSITIVE,1
EPIC 211925181,CANDIDATE,1
EPIC 211925595,CANDIDATE,1
EPIC 211928959,FALSE POSITIVE,1
EPIC 211929937,CANDIDATE,1
EPIC 211934173,FALSE POSITIVE,1
EPIC 211939692,CANDIDATE,1
EPIC 211941472,CANDIDATE,1
EPIC 211942157,FALSE POSITIVE,1
EPIC 211942755,CANDIDATE,1
EPIC 211945201,CONFIRMED,1
EPIC 211946007,FALSE POSITIVE,1
EPIC 211953244,CANDIDATE,1
EPIC 211955798,FALSE POSITIVE,1
EPIC 211964001,FALSE POSITIVE,1
EPIC 211964025,FALSE POSITIVE,1
EPIC 211964332,CANDIDATE,1
EPIC 211964555,FALSE POSITIVE,1
EPIC 211965883,CANDIDATE,1
EPIC 211970234,FALSE POSITIVE,1
EPIC 211972086,FALSE POSITIVE,1
EPIC 211972627,CANDIDATE,1
EPIC 211972681,CANDIDATE,1
EPIC 211972837,FALSE POSITIVE,1
EPIC 211978865,CANDIDATE,1
EPIC 211987231,CANDIDATE,1
EPIC 211988320,CANDIDATE,1
HIP 41232,CANDIDATE,1
EPIC 211995325,CANDIDATE,1
EPIC 211995398,CANDIDATE,1
EPIC 211997641,CANDIDATE,1
EPIC 212002525,FALSE POSITIVE,1
K2-274,CANDIDATE,1
EPIC 212009150,CANDIDATE,1
EPIC 212009427,FALSE POSITIVE,1
EPIC 212009702,FALSE POSITIVE,1
EPIC 212010565,FALSE POSITIVE,1
EPIC 212012387,FALSE POSITIVE,1
EPIC 212019055,FALSE POSITIVE,1
EPIC 212020442,FALSE POSITIVE,1
EPIC 212024647,FALSE POSITIVE,1
EPIC 212024672,CANDIDATE,1
EPIC 212026226,FALSE POSITIVE,1
EPIC 212033577,CANDIDATE,1
EPIC 212035441,CANDIDATE,1
EPIC 212036875,CANDIDATE,1
EPIC 212037403,FALSE POSITIVE,1
EPIC 212039539,FALSE POSITIVE,1
EPIC 212040382,CANDIDATE,1
EPIC 212041206,CANDIDATE,1
EPIC 212041476,CANDIDATE,1
EPIC 212044495,FALSE POSITIVE,1
EPIC 212048046,CANDIDATE,1
EPIC 212048503,FALSE POSITIVE,1
EPIC 212052250,CANDIDATE,1
EPIC 212053988,FALSE POSITIVE,1
EPIC 212060710,FALSE POSITIVE,1
EPIC 212060895,FALSE POSITIVE,1
EPIC 212066407,CANDIDATE,1
EPIC 212066805,FALSE POSITIVE,1
EPIC 212068493,CANDIDATE,1
EPIC 212069706,FALSE POSITIVE,1
EPIC 212071939,FALSE POSITIVE,1
EPIC 212075294,FALSE POSITIVE,1
EPIC 212075842,FALSE POSITIVE,1
EPIC 212082682,FALSE POSITIVE,1
EPIC 212083250,FALSE POSITIVE,1
EPIC 212083455,FALSE POSITIVE,1
EPIC 212085654,FALSE POSITIVE,1
EPIC 212085740,FALSE POSITIVE,1
EPIC 212086717,FALSE POSITIVE,1
HIP 41431,CANDIDATE,1
EPIC 212099230,CANDIDATE,1
EPIC 212109233,FALSE POSITIVE,1
EPIC 212110007,FALSE POSITIVE,1
EPIC 212114260,CANDIDATE,1
EPIC 212115388,FALSE POSITIVE,1
EPIC 212116340,FALSE POSITIVE,1
EPIC 212117087,FALSE POSITIVE,1
EPIC 212120773,CANDIDATE,1
EPIC 212133517,CANDIDATE,1
EPIC 212136123,CANDIDATE,1
EPIC 212138198,CANDIDATE,1
EPIC 212141021,CANDIDATE,1
EPIC 212150006,CANDIDATE,1
EPIC 212152341,CANDIDATE,1
EPIC 212154158,FALSE POSITIVE,1
EPIC 212159514,CANDIDATE,1
EPIC 212159623,CANDIDATE,1
EPIC 212163353,FALSE POSITIVE,1
EPIC 212171851,FALSE POSITIVE,1
EPIC 212175087,FALSE POSITIVE,1
HIP 42403,CANDIDATE,1
EPIC 212181307,FALSE POSITIVE,1
EPIC 212181460,FALSE POSITIVE,1
EPIC 212182233,FALSE POSITIVE,1
EPIC 212194007,CANDIDATE,1
EPIC 212207194,FALSE POSITIVE,1
EPIC 212207368,CANDIDATE,1
EPIC 212208163,FALSE POSITIVE,1
EPIC 212210390,FALSE POSITIVE,1
EPIC 212214592,FALSE POSITIVE,1
EPIC 212219881,CANDIDATE,1
EPIC 212221986,FALSE POSITIVE,1
EPIC 212223307,CANDIDATE,1
EPIC 212225413,FALSE POSITIVE,1
EPIC 212225806,FALSE POSITIVE,1
EPIC 212225986,FALSE POSITIVE,1
EPIC 212227092,CANDIDATE,1
EPIC 212228567,CANDIDATE,1
EPIC 212228588,FALSE POSITIVE,1
EPIC 212228994,CANDIDATE,1
EPIC 212270970,CANDIDATE,1
EPIC 212278644,CANDIDATE,1
EPIC 212283840,CANDIDATE,1
EPIC 212294561,CANDIDATE,1
EPIC 212297394,CONFIRMED,1
EPIC 212301649,CANDIDATE,1
EPIC 212303338,CANDIDATE,1
EPIC 212304395,CANDIDATE,1
EPIC 212310244,CANDIDATE,1
EPIC 212311834,CANDIDATE,1
EPIC 212315941,CANDIDATE,1
EPIC 212321305,CANDIDATE,1
EPIC 212328538,CANDIDATE,1
EPIC 212329106,CANDIDATE,1
EPIC 212330265,CANDIDATE,1
EPIC 212346723,CANDIDATE,1
EPIC 212351026,CANDIDATE,1
EPIC 212351405,CANDIDATE,1
EPIC 212351868,CANDIDATE,1
EPIC 212362217,CANDIDATE,1
EPIC 212370106,CANDIDATE,1
EPIC 212380207,CANDIDATE,1
EPIC 212393193,CANDIDATE,1
EPIC 212396050,CANDIDATE,1
EPIC 212398508,CANDIDATE,1
EPIC 212406474,CANDIDATE,1
EPIC 212409658,CANDIDATE,1
EPIC 212421673,CANDIDATE,1
EPIC 212421749,CANDIDATE,1
EPIC 212422536,CANDIDATE,1
EPIC 212424622,CONFIRMED,1
EPIC 212425103,CANDIDATE,1
EPIC 212428509,CANDIDATE,1
EPIC 212432685,CANDIDATE,1
EPIC 212434019,CANDIDATE,1
EPIC 212435047,CANDIDATE,1
EPIC 212443457,CANDIDATE,1
EPIC 212443973,CANDIDATE,1
EPIC 212451091,CANDIDATE,1
EPIC 212454160,CANDIDATE,1
EPIC 212454422,CANDIDATE,1
EPIC 212464382,CANDIDATE,1
EPIC 212495601,CANDIDATE,1
EPIC 212497862,CANDIDATE,1
EPIC 212499835,CANDIDATE,1
EPIC 212499991,CONFIRMED,1
EPIC 212524671,CANDIDATE,1
EPIC 212525174,CANDIDATE,1
EPIC 212525618,CANDIDATE,1
EPIC 212529560,CANDIDATE,1
EPIC 212534729,CANDIDATE,1
EPIC 212535959,CANDIDATE,1
EPIC 212540985,CANDIDATE,1
K2-192,CANDIDATE,1
EPIC 212560683,CANDIDATE,1
EPIC 212562715,CANDIDATE,1
EPIC 212563850,CANDIDATE,1
EPIC 212569876,CANDIDATE,1
EPIC 212570977,CANDIDATE,1
EPIC 212572439,CANDIDATE,1
EPIC 212572452,FALSE POSITIVE,1
EPIC 212577658,CANDIDATE,1
EPIC 212579164,CANDIDATE,1
EPIC 212579424,CANDIDATE,1
EPIC 212585579,CANDIDATE,1
EPIC 212586030,CANDIDATE,1
EPIC 212587672,CONFIRMED,1
EPIC 212590677,CANDIDATE,1
EPIC 212592101,CANDIDATE,1
EPIC 212601505,CANDIDATE,1
EPIC 212616320,CANDIDATE,1
EPIC 212621075,CANDIDATE,1
EPIC 212622766,CANDIDATE,1
EPIC 212624936,CONFIRMED,1
EPIC 212628098,FALSE POSITIVE,1
EPIC 212634172,CANDIDATE,1
EPIC 212636654,CANDIDATE,1
EPIC 212639319,CANDIDATE,1
EPIC 212645891,CANDIDATE,1
EPIC 212646483,CANDIDATE,1
EPIC 212648083,CANDIDATE,1
EPIC 212652418,CANDIDATE,1
EPIC 212661144,CANDIDATE,1
EPIC 212679181,CANDIDATE,1
EPIC 212679798,FALSE POSITIVE,1
EPIC 212685467,CANDIDATE,1
EPIC 212688722,CANDIDATE,1
EPIC 212688920,CANDIDATE,1
EPIC 212690867,CANDIDATE,1
EPIC 212691727,CANDIDATE,1
EPIC 212703473,CANDIDATE,1
EPIC 212705192,CANDIDATE,1
EPIC 212712473,CANDIDATE,1
EPIC 212730483,CANDIDATE,1
EPIC 212735133,CANDIDATE,1
EPIC 212737443,CONFIRMED,1
EPIC 212743333,CANDIDATE,1
EPIC 212746655,CANDIDATE,1
EPIC 212753343,CANDIDATE,1
EPIC 212757601,CANDIDATE,1
EPIC 212771557,CANDIDATE,1
EPIC 212772113,CANDIDATE,1
EPIC 212772313,CANDIDATE,1
EPIC 212773272,FALSE POSITIVE,1
EPIC 212773309,FALSE POSITIVE,1
EPIC 212783902,CANDIDATE,1
EPIC 212796016,CANDIDATE,1
EPIC 212797028,CANDIDATE,1
EPIC 212813907,CANDIDATE,1
EPIC 212817071,CANDIDATE,1
EPIC 212821706,CANDIDATE,1
EPIC 212830737,CANDIDATE,1
EPIC 212833814,CANDIDATE,1
EPIC 212839127,CANDIDATE,1
EPIC 212844216,CANDIDATE,1
EPIC 212865617,CANDIDATE,1
EPIC 212870185,CANDIDATE,1
EPIC 212883391,CANDIDATE,1
EPIC 213123443,CANDIDATE,1
EPIC 213408445,CANDIDATE,1
EPIC 213462890,CANDIDATE,1
EPIC 213546283,CANDIDATE,1
EPIC 213703832,CANDIDATE,1
EPIC 213722591,CANDIDATE,1
EPIC 213748480,CANDIDATE,1
EPIC 213817056,CANDIDATE,1
EPIC 213840781,CANDIDATE,1
EPIC 213919434,CANDIDATE,1
EPIC 213919915,CANDIDATE,1
EPIC 213920015,CANDIDATE,1
EPIC 213951550,FALSE POSITIVE,1
K2-379,CANDIDATE,1
EPIC 214234110,CANDIDATE,1
EPIC 214254518,CANDIDATE,1
EPIC 214512594,CANDIDATE,1
EPIC 214522613,CANDIDATE,1
EPIC 214611894,CANDIDATE,1
EPIC 214630761,CANDIDATE,1
EPIC 214741009,CANDIDATE,1
EPIC 214888033,CANDIDATE,1
EPIC 214912104,CANDIDATE,1
EPIC 214984368,CANDIDATE,1
EPIC 215101303,CANDIDATE,1
EPIC 215125108,CANDIDATE,1
EPIC 215171927,CANDIDATE,1
EPIC 215175768,CANDIDATE,1
EPIC 215234145,CANDIDATE,1
EPIC 215353525,CANDIDATE,1
EPIC 215358983,CANDIDATE,1
EPIC 215364084,CANDIDATE,1
EPIC 215381481,CANDIDATE,1
EPIC 215389654,CANDIDATE,1
EPIC 215502661,CANDIDATE,1
EPIC 215525178,CANDIDATE,1
EPIC 215714765,CANDIDATE,1
EPIC 215717520,CANDIDATE,1
EPIC 215739094,CANDIDATE,1
EPIC 215816368,CANDIDATE,1
EPIC 215854715,CANDIDATE,1
EPIC 215894766,CANDIDATE,1
EPIC 215938010,CANDIDATE,1
EPIC 216050437,CANDIDATE,1
EPIC 216111905,CANDIDATE,1
EPIC 216114172,CANDIDATE,1
EPIC 216166748,CANDIDATE,1
EPIC 216212516,CANDIDATE,1
EPIC 216231580,CANDIDATE,1
EPIC 216334329,CANDIDATE,1
EPIC 216357880,CANDIDATE,1
EPIC 216363472,CANDIDATE,1
EPIC 216387101,CANDIDATE,1
EPIC 216876207,CANDIDATE,1
EPIC 216892056,CANDIDATE,1
EPIC 217084873,CANDIDATE,1
EPIC 217149884,CANDIDATE,1
EPIC 217231249,CANDIDATE,1
EPIC 217393088,CANDIDATE,1
EPIC 217855533,CANDIDATE,1
EPIC 218170789,CANDIDATE,1
EPIC 218195416,CANDIDATE,1
EPIC 218300572,CANDIDATE,1
EPIC 218304292,CANDIDATE,1
EPIC 218332621,CANDIDATE,1
EPIC 218621322,CANDIDATE,1
EPIC 218695436,CANDIDATE,1
EPIC 218701083,CANDIDATE,1
EPIC 218709665,CANDIDATE,1
EPIC 218711655,CANDIDATE,1
EPIC 218874453,CANDIDATE,1
EPIC 218901589,CANDIDATE,1
EPIC 218952024,CANDIDATE,1
EPIC 218973982,CANDIDATE,1
EPIC 219111248,CANDIDATE,1
EPIC 219114906,CANDIDATE,1
EPIC 219256848,CANDIDATE,1
EPIC 219266595,CANDIDATE,1
EPIC 219388192,CANDIDATE,1
EPIC 219420915,CANDIDATE,1
EPIC 219480273,CANDIDATE,1
EPIC 219610716,CANDIDATE,1
EPIC 219747794,CANDIDATE,1
EPIC 219760360,CANDIDATE,1
EPIC 220168663,CANDIDATE,1
K2-203,CANDIDATE,1
EPIC 220173278,CANDIDATE,1
EPIC 220187552,CANDIDATE,1
EPIC 220192485,CANDIDATE,1
EPIC 220198551,CANDIDATE,1
EPIC 220201207,CANDIDATE,1
EPIC 220204960,CANDIDATE,1
EPIC 220207765,CANDIDATE,1
EPIC 220209578,CANDIDATE,1
EPIC 220228500,CANDIDATE,1
EPIC 220245303,CANDIDATE,1
K2-211,CANDIDATE,1
EPIC 220258394,CANDIDATE,1
EPIC 220260084,CANDIDATE,1
EPIC 220263105,CANDIDATE,1
EPIC 220267210,CANDIDATE,1
EPIC 220275625,CANDIDATE,1
EPIC 220280237,CANDIDATE,1
EPIC 220282718,CANDIDATE,1
EPIC 220287611,CANDIDATE,1
EPIC 220288191,CANDIDATE,1
EPIC 220288594,CANDIDATE,1
EPIC 220290988,CANDIDATE,1
EPIC 220292715,CANDIDATE,1
EPIC 220294712,CANDIDATE,1
EPIC 220299658,CANDIDATE,1
EPIC 220309058,CANDIDATE,1
EPIC 220315508,CANDIDATE,1
EPIC 220316844,CANDIDATE,1
EPIC 220317172,CANDIDATE,1
EPIC 220322327,CANDIDATE,1
EPIC 220336320,CANDIDATE,1
EPIC 220342163,CANDIDATE,1
EPIC 220356827,FALSE POSITIVE,1
EPIC 220393791,CANDIDATE,1
EPIC 220395416,CANDIDATE,1
EPIC 220397060,CANDIDATE,1
EPIC 220400100,CANDIDATE,1
EPIC 220400525,CANDIDATE,1
EPIC 220401029,CANDIDATE,1
EPIC 220410754,CANDIDATE,1
EPIC 220416518,CANDIDATE,1
EPIC 220431824,CANDIDATE,1
EPIC 220434612,CANDIDATE,1
EPIC 220436189,CANDIDATE,1
EPIC 220436208,CANDIDATE,1
EPIC 220436943,CANDIDATE,1
EPIC 220443340,CANDIDATE,1
EPIC 220448185,CANDIDATE,1
EPIC 220466136,CANDIDATE,1
EPIC 220470563,CANDIDATE,1
EPIC 220471100,FALSE POSITIVE,1
EPIC 220477223,CANDIDATE,1
EPIC 220482322,CANDIDATE,1
EPIC 220492298,CONFIRMED,1
EPIC 220492492,CANDIDATE,1
EPIC 220526079,CANDIDATE,1
EPIC 220527374,CANDIDATE,1
HIP 4601,CANDIDATE,1
K2-282,CONFIRMED,1
EPIC 220555384,CANDIDATE,1
EPIC 220556827,CANDIDATE,1
EPIC 220562610,CANDIDATE,1
EPIC 220565337,CANDIDATE,1
EPIC 220565349,CANDIDATE,1
EPIC 220571481,CANDIDATE,1
EPIC 220573228,CANDIDATE,1
EPIC 220579319,CANDIDATE,1
EPIC 220598367,CANDIDATE,1
EPIC 220605820,CANDIDATE,1
EPIC 220606084,CANDIDATE,1
EPIC 220616148,CANDIDATE,1
EPIC 220631484,CANDIDATE,1
EPIC 220639177,CANDIDATE,1
EPIC 220643470,CANDIDATE,1
EPIC 220644522,CANDIDATE,1
EPIC 220648214,CANDIDATE,1
EPIC 220650843,CANDIDATE,1
EPIC 220657558,CANDIDATE,1
EPIC 220663602,CANDIDATE,1
EPIC 220666631,CANDIDATE,1
EPIC 220674823,CONFIRMED,1
EPIC 220679255,CANDIDATE,1
EPIC 220708327,CANDIDATE,1
EPIC 220725183,CANDIDATE,1
EPIC 226042826,CANDIDATE,1
EPIC 228682364,FALSE POSITIVE,1
EPIC 228707509,CANDIDATE,1
EPIC 228720681,CANDIDATE,1
EPIC 228724899,CANDIDATE,1
EPIC 228729473,FALSE POSITIVE,1
EPIC 228734889,CANDIDATE,1
EPIC 228737155,CANDIDATE,1
EPIC 228753871,CANDIDATE,1
EPIC 228758948,CANDIDATE,1
EPIC 228784812,CANDIDATE,1
EPIC 228809391,CANDIDATE,1
EPIC 228814754,CANDIDATE,1
EPIC 228834632,CANDIDATE,1
EPIC 228836835,CONFIRMED,1
EPIC 228846243,CANDIDATE,1
EPIC 228872473,CANDIDATE,1
EPIC 228888935,CANDIDATE,1
EPIC 228952747,CANDIDATE,1
EPIC 228964773,CANDIDATE,1
HIP 61018,CANDIDATE,1
EPIC 229004835,CONFIRMED,1
EPIC 229039390,CANDIDATE,1
EPIC 229103251,CANDIDATE,1
EPIC 229133720,CANDIDATE,1
EPIC 229228348,CANDIDATE,1
EPIC 230517965,CANDIDATE,1
EPIC 236744423,CANDIDATE,1
EPIC 245928102,CANDIDATE,1
EPIC 245944983,CANDIDATE,1
EPIC 246022853,FALSE POSITIVE,1
EPIC 246030759,CANDIDATE,1
EPIC 246042088,CANDIDATE,1
EPIC 246048459,FALSE POSITIVE,1
EPIC 246061904,CANDIDATE,1
EPIC 246067130,CANDIDATE,1
EPIC 246088339,CANDIDATE,1
EPIC 246120353,CANDIDATE,1
EPIC 246163416,FALSE POSITIVE,1
EPIC 246178445,CANDIDATE,1
EPIC 246260670,CANDIDATE,1
EPIC 246261316,CANDIDATE,1
EPIC 246265680,CANDIDATE,1
EPIC 246270904,CANDIDATE,1
EPIC 246290342,CANDIDATE,1
EPIC 246310303,CANDIDATE,1
EPIC 246313886,CANDIDATE,1
EPIC 246317113,CANDIDATE,1
EPIC 246325464,CANDIDATE,1
EPIC 246331347,CANDIDATE,1
EPIC 246331418,CANDIDATE,1
EPIC 246356732,CANDIDATE,1
EPIC 246362870,CANDIDATE,1
EPIC 246366798,CANDIDATE,1
EPIC 246377038,CANDIDATE,1
EPIC 246380972,CANDIDATE,1
EPIC 246405278,CANDIDATE,1
EPIC 246429728,CANDIDATE,1
EPIC 246448041,CANDIDATE,1
EPIC 246711015,CANDIDATE,1
EPIC 246777408,CANDIDATE,1
EPIC 246851148,CANDIDATE,1
EPIC 246851721,CONFIRMED,2
EPIC 246899433,CANDIDATE,1
EPIC 246909566,CANDIDATE,1
EPIC 246920193,CANDIDATE,1
EPIC 246947582,CANDIDATE,1
EPIC 246987084,CANDIDATE,1
EPIC 247047370,CANDIDATE,1
EPIC 247063356,CANDIDATE,1
EPIC 247122439,CANDIDATE,1
EPIC 247164043,CANDIDATE,1
EPIC 247223703,CANDIDATE,1
EPIC 247226616,CANDIDATE,1
EPIC 247281516,CANDIDATE,1
EPIC 247396991,CANDIDATE,1
EPIC 247445728,CANDIDATE,1
EPIC 247560727,CANDIDATE,1
EPIC 247562358,CANDIDATE,1
EPIC 247698108,CANDIDATE,1
EPIC 247708770,CANDIDATE,1
EPIC 247724061,CANDIDATE,1
EPIC 247744801,CANDIDATE,1
EPIC 247856284,CANDIDATE,1
EPIC 247874191,CANDIDATE,1
EPIC 247885088,CANDIDATE,1
EPIC 247988033,CANDIDATE,1
EPIC 248018863,CANDIDATE,1
EPIC 248222323,CANDIDATE,1
EPIC 248420036,CANDIDATE,1
EPIC 248526480,CANDIDATE,1
EPIC 248527709,CANDIDATE,1
EPIC 248574836,CANDIDATE,1
EPIC 248639411,CANDIDATE,1
EPIC 248740016,CANDIDATE,1
EPIC 248740571,CANDIDATE,1
EPIC 248740905,CANDIDATE,1
EPIC 248775938,CANDIDATE,1
EPIC 248782482,CANDIDATE,1
EPIC 248827616,CANDIDATE,1
EPIC 248847494,CONFIRMED,1
EPIC 248865761,CANDIDATE,1
EPIC 248869142,CANDIDATE,1
EPIC 249217834,CANDIDATE,1
EPIC 249236972,CANDIDATE,1
EPIC 249239123,CANDIDATE,1
EPIC 249373875,CANDIDATE,1
EPIC 249391469,CANDIDATE,1
EPIC 249401939,CANDIDATE,1
EPIC 249418609,CANDIDATE,1
EPIC 249476992,CANDIDATE,1
EPIC 249559552,CANDIDATE,1
EPIC 249561595,CANDIDATE,1
EPIC 249599275,CANDIDATE,1
EPIC 249649721,CANDIDATE,1
EPIC 249703125,CANDIDATE,1
EPIC 249731291,CANDIDATE,1
EPIC 249822095,CANDIDATE,1
EPIC 249827330,CANDIDATE,1
EPIC 249828900,CANDIDATE,1
EPIC 249865296,CANDIDATE,1
EPIC 249883770,CANDIDATE,1
EPIC 249893012,CONFIRMED,1
EPIC 249901311,CANDIDATE,1
EPIC 249921188,CANDIDATE,1
EPIC 250001426,CANDIDATE,1
EPIC 250045116,CANDIDATE,1
EPIC 250099723,CANDIDATE,1
EPIC 250106132,CANDIDATE,1
EPIC 251281013,FALSE POSITIVE,1
EPIC 251286992,FALSE POSITIVE,1
EPIC 251288417,CANDIDATE,1
EPIC 251292508,FALSE POSITIVE,1
EPIC 251292838,CANDIDATE,1
EPIC 251294036,CANDIDATE,1
EPIC 251304634,CANDIDATE,1
EPIC 251307609,FALSE POSITIVE,1
EPIC 251308775,FALSE POSITIVE,1
EPIC 251314585,FALSE POSITIVE,1
EPIC 251315031,FALSE POSITIVE,1
EPIC 251327548,FALSE POSITIVE,1
EPIC 251330444,FALSE POSITIVE,1
EPIC 251345848,FALSE POSITIVE,1
EPIC 251345849,FALSE POSITIVE,1
EPIC 251347050,FALSE POSITIVE,1
EPIC 251353301,FALSE POSITIVE,1
EPIC 251356484,FALSE POSITIVE,1
EPIC 251356953,FALSE POSITIVE,1
EPIC 251380988,CANDIDATE,1
EPIC 251383916,FALSE POSITIVE,1
EPIC 251390801,FALSE POSITIVE,1
EPIC 251393748,FALSE POSITIVE,1
EPIC 251393916,FALSE POSITIVE,1
EPIC 251394139,FALSE POSITIVE,1
EPIC 251399501,CANDIDATE,1
EPIC 251404897,FALSE POSITIVE,1
EPIC 251411166,FALSE POSITIVE,1
EPIC 251578729,CANDIDATE,1
EPIC 251584580,CANDIDATE,1
EPIC 251809286,FALSE POSITIVE,1
EPIC 251809628,FALSE POSITIVE,1
G 9-40,CONFIRMED,1
GJ 9827,CONFIRMED,1
HAT-P-54,CONFIRMED,1
HAT-P-56,CONFIRMED,1
HATS-11,CONFIRMED,1
HATS-12,CONFIRMED,1
HATS-36,CONFIRMED,1
HATS-9,CONFIRMED,1
HD 106315,CONFIRMED,1
HD 137496,CONFIRMED,1
HD 3167,CONFIRMED,1
HD 80653,CONFIRMED,1
HD 89345,CONFIRMED,1
HIP 116454,CONFIRMED,2
HIP 41378,CONFIRMED,1
K2-10,CONFIRMED,1
K2-100,CONFIRMED,1
K2-101,CONFIRMED,1
K2-102,CONFIRMED,1
K2-104,CONFIRMED,1
K2-105,CONFIRMED,1
K2-107,CONFIRMED,1
K2-108,CONFIRMED,1
K2-11,CONFIRMED,1
K2-110,CONFIRMED,1
K2-111,CONFIRMED,1
K2-113,CONFIRMED,1
K2-114,CONFIRMED,1
K2-115,CONFIRMED,1
K2-116,CONFIRMED,1
K2-117,CONFIRMED,1
K2-118,CONFIRMED,1
K2-119,CONFIRMED,1
K2-12,CONFIRMED,1
K2-120,CONFIRMED,1
K2-121,CONFIRMED,1
K2-122,CONFIRMED,2
K2-123,CONFIRMED,1
K2-124,CONFIRMED,1
K2-125,CONFIRMED,1
K2-126,CONFIRMED,1
K2-127,CONFIRMED,1
K2-128,CONFIRMED,1
K2-129,CONFIRMED,1
K2-13,CONFIRMED,1
K2-130,CONFIRMED,1
K2-131,CONFIRMED,1
K2-132,CONFIRMED,1
K2-133,CONFIRMED,1
K2-136,CONFIRMED,2
K2-137,CONFIRMED,1
K2-138,CONFIRMED,1
K2-139,CONFIRMED,1
K2-14,CONFIRMED,1
K2-140,CONFIRMED,1
K2-141,CONFIRMED,1
K2-146,CONFIRMED,1
K2-147,CONFIRMED,1
K2-148,CONFIRMED,2
K2-149,CONFIRMED,1
K2-15,CONFIRMED,1
K2-150,CONFIRMED,1
K2-151,CONFIRMED,2
K2-152,CONFIRMED,1
K2-153,CONFIRMED,1
K2-154,CONFIRMED,1
K2-155,CONFIRMED,1
K2-156,CONFIRMED,1
K2-157,CONFIRMED,1
K2-158,CONFIRMED,1
K2-159,CONFIRMED,1
K2-160,CONFIRMED,1
K2-161,CONFIRMED,1
K2-162,CONFIRMED,1
K2-163,CONFIRMED,1
K2-164,CONFIRMED,1
K2-165,CONFIRMED,1
K2-167,CONFIRMED,1
K2-169,CONFIRMED,1
K2-17,CONFIRMED,1
K2-170,CONFIRMED,1
K2-171,CONFIRMED,1
K2-172,CONFIRMED,1
K2-173,CONFIRMED,1
K2-174,CONFIRMED,1
K2-175,CONFIRMED,1
K2-176,CONFIRMED,1
K2-177,CONFIRMED,1
K2-179,CONFIRMED,1
K2-18,CONFIRMED,1
K2-180,CONFIRMED,1
K2-181,CONFIRMED,1
K2-182,CONFIRMED,1
K2-183,CONFIRMED,1
K2-184,CONFIRMED,1
K2-185,CONFIRMED,1
K2-186,CONFIRMED,1
K2-187,CONFIRMED,1
K2-188,CONFIRMED,1
K2-189,CONFIRMED,1
K2-19,CONFIRMED,1
K2-190,CONFIRMED,1
K2-191,CONFIRMED,1
K2-193,CONFIRMED,1
K2-194,CONFIRMED,1
K2-195,CONFIRMED,1
K2-196,CONFIRMED,1
K2-197,CONFIRMED,1
K2-198,CONFIRMED,1
K2-199,CONFIRMED,1
K2-200,CONFIRMED,1
K2-201,CONFIRMED,1
K2-202,CONFIRMED,1
K2-204,CONFIRMED,1
K2-205,CONFIRMED,1
K2-206,CONFIRMED,1
K2-207,CONFIRMED,1
K2-208,CONFIRMED,1
K2-209,CONFIRMED,1
K2-21,CONFIRMED,1
K2-210,CONFIRMED,1
K2-212,CONFIRMED,1
K2-213,CONFIRMED,1
K2-214,CONFIRMED,1
K2-215,CONFIRMED,1
K2-216,CONFIRMED,1
K2-217,CONFIRMED,1
K2-218,CONFIRMED,1
K2-219,CONFIRMED,1
K2-22,CONFIRMED,2
K2-220,CONFIRMED,1
K2-221,CONFIRMED,1
K2-222,CONFIRMED,1
K2-223,CONFIRMED,1
K2-224,CONFIRMED,1
K2-225,CONFIRMED,1
K2-226,CONFIRMED,1
K2-227,CONFIRMED,1
K2-228,CONFIRMED,1
K2-229,CONFIRMED,1
K2-230,CONFIRMED,1
K2-231,CONFIRMED,1
K2-232,CONFIRMED,1
K2-233,CONFIRMED,1
K2-237,CONFIRMED,1
K2-238,CONFIRMED,1
K2-239,CONFIRMED,1
K2-240,CONFIRMED,1
K2-241,CONFIRMED,1
K2-242,CONFIRMED,1
K2-244,CONFIRMED,1
K2-245,CONFIRMED,1
K2-246,CONFIRMED,1
K2-247,CONFIRMED,1
K2-248,CONFIRMED,1
K2-249,CONFIRMED,1
K2-25,CONFIRMED,1
K2-250,CONFIRMED,1
K2-251,CONFIRMED,1
K2-252,CONFIRMED,1
K2-253,CONFIRMED,1
K2-254,CONFIRMED,1
K2-255,CONFIRMED,1
K2-256,CONFIRMED,1
K2-257,CONFIRMED,1
K2-258,CONFIRMED,1
K2-259,CONFIRMED,1
K2-26,CONFIRMED,1
K2-260,CONFIRMED,1
K2-261,CONFIRMED,1
K2-263,CONFIRMED,1
K2-264,CONFIRMED,1
K2-265,CONFIRMED,2
K2-266,CONFIRMED,2
K2-268,CONFIRMED,1
K2-269,CONFIRMED,1
K2-27,CONFIRMED,3
K2-270,CONFIRMED,1
K2-271,CONFIRMED,1
K2-272,CONFIRMED,1
K2-273,CONFIRMED,1
K2-275,CONFIRMED,1
K2-276,CONFIRMED,1
K2-277,CONFIRMED,1
K2-278,CONFIRMED,1
K2-279,CONFIRMED,1
K2-28,CONFIRMED,1
K2-280,CONFIRMED,1
K2-281,CONFIRMED,1
K2-283,CONFIRMED,1
K2-284,CONFIRMED,1
K2-285,CONFIRMED,1
K2-286,CONFIRMED,1
K2-287,CONFIRMED,1
K2-288 B,CONFIRMED,2
K2-289,CONFIRMED,1
K2-29,CONFIRMED,2
K2-290,CONFIRMED,3
K2-291,CONFIRMED,1
K2-292,CONFIRMED,1
K2-293,CONFIRMED,1
K2-294,CONFIRMED,1
K2-295,CONFIRMED,1
K2-3,CONFIRMED,1
K2-30,CONFIRMED,1
K2-308,CONFIRMED,1
K2-31,CONFIRMED,2
K2-315,CONFIRMED,1
K2-316,CONFIRMED,1
K2-317,CONFIRMED,1
K2-318,CONFIRMED,1
K2-32,CONFIRMED,2
K2-320,CONFIRMED,1
K2-321,CONFIRMED,1
K2-322,CONFIRMED,1
K2-323,CONFIRMED,1
K2-324,CONFIRMED,1
K2-325,CONFIRMED,1
K2-326,CONFIRMED,1
K2-329,CONFIRMED,1
K2-33,CONFIRMED,1
K2-330,CONFIRMED,1
K2-331,CONFIRMED,1
K2-332,CONFIRMED,1
K2-333,CONFIRMED,1
K2-334,CONFIRMED,1
K2-335,CONFIRMED,1
K2-336,CONFIRMED,1
K2-337,CONFIRMED,1
K2-338,CONFIRMED,1
K2-34,CONFIRMED,1
K2-340,CONFIRMED,1
K2-341,CONFIRMED,1
K2-342,CONFIRMED,1
K2-343,CONFIRMED,1
K2-344,CONFIRMED,1
K2-345,CONFIRMED,1
K2-346,CONFIRMED,1
K2-347,CONFIRMED,1
K2-348,CONFIRMED,1
K2-349,CONFIRMED,1
K2-35,CONFIRMED,1
K2-350,CONFIRMED,1
K2-351,CONFIRMED,1
K2-352,CONFIRMED,1
K2-354,CONFIRMED,1
K2-355,CONFIRMED,1
K2-357,CONFIRMED,1
K2-36,CONFIRMED,1
K2-366,CONFIRMED,1
K2-367,CONFIRMED,1
K2-369,CONFIRMED,1
K2-37,CONFIRMED,1
K2-370,CONFIRMED,1
K2-371,CONFIRMED,1
K2-372,CONFIRMED,1
K2-373,CONFIRMED,1
K2-374,CONFIRMED,1
K2-375,CONFIRMED,1
K2-376,CONFIRMED,1
K2-377,CONFIRMED,1
K2-378,CONFIRMED,1
K2-38,CONFIRMED,1
K2-380,CONFIRMED,1
K2-381,CONFIRMED,1
K2-382,CONFIRMED,1
K2-383,CONFIRMED,1
K2-384,CONFIRMED,1
K2-385,CONFIRMED,1
K2-386,CONFIRMED,1
K2-387,CONFIRMED,1
K2-388,CONFIRMED,1
K2-389,CONFIRMED,1
K2-39,CONFIRMED,1
K2-390,CONFIRMED,1
K2-391,CONFIRMED,1
K2-392,CONFIRMED,1
K2-393,CONFIRMED,1
K2-394,CONFIRMED,1
K2-395,CONFIRMED,1
K2-396,CONFIRMED,1
K2-397,CONFIRMED,1
K2-398,CONFIRMED,1
K2-399,CONFIRMED,1
K2-4,CONFIRMED,1
K2-400,CONFIRMED,1
K2-401,CONFIRMED,1
K2-402,CONFIRMED,1
K2-403,CONFIRMED,1
K2-404,CONFIRMED,1
K2-405,CONFIRMED,1
K2-406,CONFIRMED,1
K2-407,CONFIRMED,1
K2-408,CONFIRMED,1
K2-409,CONFIRMED,1
K2-411,CONFIRMED,1
K2-412,CONFIRMED,1
K2-413,CONFIRMED,1
K2-414,CONFIRMED,1
K2-415,CONFIRMED,1
K2-416,CONFIRMED,1
K2-417,CONFIRMED,1
K2-42,CONFIRMED,1
K2-43,CONFIRMED,1
K2-44,CONFIRMED,1
K2-45,CONFIRMED,1
K2-46,CONFIRMED,1
K2-47,CONFIRMED,1
K2-48,CONFIRMED,1
K2-49,CONFIRMED,1
K2-5,CONFIRMED,1
K2-51,FALSE POSITIVE,1
K2-52,CONFIRMED,1
K2-53,CONFIRMED,1
K2-54,CONFIRMED,1
K2-55,CONFIRMED,1
K2-57,CONFIRMED,1
K2-58,CONFIRMED,1
K2-59,CONFIRMED,1
K2-6,CONFIRMED,1
K2-60,CONFIRMED,1
K2-61,CONFIRMED,1
K2-62,CONFIRMED,1
K2-63,CONFIRMED,1
K2-64,CONFIRMED,1
K2-65,CONFIRMED,1
K2-66,CONFIRMED,1
K2-67,FALSE POSITIVE,1
K2-69,CONFIRMED,1
K2-7,CONFIRMED,1
K2-70,CONFIRMED,1
K2-71,CONFIRMED,1
K2-72,CONFIRMED,1
K2-73,CONFIRMED,1
K2-74,CONFIRMED,1
K2-75,CONFIRMED,1
K2-76,FALSE POSITIVE,1
K2-77,CONFIRMED,1
K2-78,FALSE POSITIVE,1
K2-79,CONFIRMED,1
K2-8,CONFIRMED,1
K2-80,CONFIRMED,1
K2-81,CONFIRMED,1
K2-82,FALSE POSITIVE,1
K2-84,CONFIRMED,1
K2-85,CONFIRMED,1
K2-86,CONFIRMED,1
K2-87,CONFIRMED,1
K2-88,CONFIRMED,1
K2-89,CONFIRMED,1
K2-9,CONFIRMED,1
K2-90,CONFIRMED,1
K2-91,CONFIRMED,1
K2-92,FALSE POSITIVE,1
K2-95,CONFIRMED,1
K2-97,CONFIRMED,1
K2-98,CONFIRMED,1
K2-99,CONFIRMED,1
Qatar-2,CONFIRMED,1
TRAPPIST-1,CONFIRMED,1
V1298 Tau,CONFIRMED,3
WASP-107,CONFIRMED,1
WASP-118,CONFIRMED,1
WASP-151,CONFIRMED,1
WASP-157,CONFIRMED,1
WASP-28,CONFIRMED,1
WASP-47,CONFIRMED,1
WASP-55,CONFIRMED,2
WASP-75,CONFIRMED,2
WASP-85 A,CONFIRMED,2
Wolf 503,CONFIRMED,1
